{"cameraMode":{"drawMode":0,"name":"Shaded","section":"Shading Mode"},"sceneLighting":false,"audioPlay":false,"sceneViewState":{"showFog":true,"showMaterialUpdate":false,"showSkybox":false,"showFlares":true,"showImageEffects":true,"showParticleSystems":true},"in2DMode":false,"pivot":{"x":-4.593837261199951,"y":10.762475967407227,"z":-29.799999237060548},"rotation":{"x":-0.007590681314468384,"y":-0.9361101388931274,"z":-0.020222993567585946,"w":0.3510671854019165},"size":1.3301070928573609,"orthographic":false}