{"cameraMode":{"drawMode":0,"name":"Shaded","section":"Shading Mode"},"sceneLighting":false,"audioPlay":false,"sceneViewState":{"showFog":true,"showMaterialUpdate":false,"showSkybox":false,"showFlares":true,"showImageEffects":true,"showParticleSystems":true},"in2DMode":false,"pivot":{"x":-23.922752380371095,"y":10.726716041564942,"z":-33.393558502197269},"rotation":{"x":-0.11450022459030152,"y":0.050054434686899188,"z":-0.005782748106867075,"w":-0.9921509623527527},"size":1.3198609352111817,"orthographic":false}