{"cameraMode":{"drawMode":0,"name":"Shaded","section":"Shading Mode"},"sceneLighting":true,"audioPlay":false,"sceneViewState":{"showFog":true,"showMaterialUpdate":false,"showSkybox":true,"showFlares":true,"showImageEffects":true,"showParticleSystems":true},"in2DMode":false,"pivot":{"x":-3.78757381439209,"y":10.699906349182129,"z":-30.222312927246095},"rotation":{"x":-0.0009487301576882601,"y":-0.9967172145843506,"z":0.08030683547258377,"w":-0.011666236445307732},"size":3.469892740249634,"orthographic":false}